<?xml version="1.0" encoding="utf-8"?>
<component size="131,168" pivot="0.5,0.5" extention="Button" hitTest="n1">
  <controller name="button" pages="0,up,1,down,2,over,3,selectedOver" selected="0"/>
  <displayList>
    <image id="n1" name="n1" src="g40j9" fileName="1.png" xy="0,0">
      <gearColor controller="button" pages="0,1,2,3" values="#ffffff|#a0a0a0|#a0a0a0|#a0a0a0"/>
      <relation target="" sidePair="width-width,height-height"/>
    </image>
  </displayList>
  <Button downEffect="scale" downEffectValue="0.80"/>
</component>