<?xml version="1.0" encoding="utf-8"?>
<component size="1136,570">
  <displayList>
    <graph id="n16" name="n16" xy="621,183" size="471,211" type="rect" fillColor="#ff000000"/>
    <graph id="n15" name="n15" xy="33,123" size="337,50" type="rect"/>
    <text id="n2" name="n2" xy="33,123" size="337,50" fontSize="22" color="#cc3300" align="center" vAlign="middle" autoSize="none" text="Text Align"/>
    <graph id="n14" name="n14" xy="34,183" size="459,160" type="rect" fillColor="#ff000000"/>
    <text id="n0" name="n0" xy="41,61" size="159,26" fontSize="22" text="Auto Size text"/>
    <text id="n3" name="n3" xy="218,61" size="125,26" fontSize="22" color="#993300" align="center" vAlign="middle" underline="true" bold="true" italic="true" text="Text Style"/>
    <text id="n4" name="n4" xy="476,61" size="192,26" fontSize="22" color="#ffffff" align="center" vAlign="middle" strokeColor="#000000" text="Text with outline"/>
    <text id="n5" name="n5" xy="34,183" size="459,160" fontSize="22" color="#ffffff" leading="12" ubb="true" autoSize="none" text="Support UBB grammer：&#xA;[color=#FF3300][b]FairyGUI Editor[/b][/color] is a [i]WYSWYG[/i][size=30] Game UI Editor[/size]，FairyGUI是一个所见即所得的[color=#FFFF00]游戏UI编辑器[/color]。"/>
    <text id="n7" name="n7" xy="171,382" size="345,54" font="ui://9leh0eyfduef6m" fontSize="16" color="#ffffff" leading="12" autoSize="height" text="1234567890"/>
    <text id="n8" name="n8" xy="31,386" size="126,26" fontSize="22" text="Bitmap Font"/>
    <text id="n10" name="n10" xy="26,462" size="418,26" fontSize="22" ubb="true" text="Support fnt files generated by [b]BMFont[/b]"/>
    <text id="n11" name="n11" xy="48,501" size="225,36" font="ui://9leh0eyfwa8u2r" fontSize="16" color="#993300" text="如何使用UI编辑器"/>
    <richtext id="n12" name="n12" xy="621,183" size="471,211" fontSize="22" color="#ccff00" ubb="true" autoSize="none" text="RichText support click events, html tags(small set), support links and images. 多媒体文本支持点击/触摸事件，可以直接使用html标签（仅支持部分），可以带链接和图片。&#xA;&lt;img src='ui://9leh0eyfrpmb6'/>I am image&#xA;&lt;a href='event:xx'>I am link, click me&lt;/a>"/>
    <text id="n17" name="n17" xy="39,12" size="478,26" fontSize="22" color="#ccff00" text="The quick brown fox jump sover the lazy dog"/>
    <text id="n18" name="n18" xy="361,61" size="97,26" fontSize="22" color="#993300" align="center" vAlign="middle" underline="true" bold="true" italic="true" text="字体样式"/>
    <text id="n19" name="n19" xy="686,61" size="93,26" fontSize="22" color="#ffffff" align="center" vAlign="middle" strokeColor="#000000" text="描边效果"/>
    <text id="n20" name="n20" xy="622,136" size="329,28" font="Consolas" fontSize="22" color="#ccff00" text="Use system font(Unity5&amp;Web)"/>
    <graph id="n21" name="n21" xy="688,430" size="348,35" type="rect"/>
    <text id="n22" name="n22" xy="692,432" size="341,29" input="true" prompt="[i][color=#999999]Your Name Here[/color][/i]" fontSize="22" vAlign="middle" autoSize="none" singleLine="true" text=""/>
    <text id="n23" name="n23" xy="563,435" size="120,26" fontSize="22" autoSize="height" text="Input Test"/>
    <text id="n24" name="n24" xy="690,485" size="299,26" fontSize="22" color="#ff3300" autoSize="height" text=""/>
    <component id="n25" name="n25" src="poiq7e" xy="999,480" size="119,36">
      <Button title="Get Input"/>
    </component>
    <text id="n26" name="n26" xy="806,61" size="148,26" fontSize="22" ubb="true" strokeColor="#000000" text="[color=#FF9900,#FFFFFF]Gradient Text[/color]"/>
    <text id="n27" name="n27" xy="972,61" size="148,26" fontSize="22" ubb="true" strokeColor="#000000" text="[color=#3399FF,#3399FF,#FFFFFF,#FFFFFF]Gradient Text[/color]"/>
    <text id="n28" name="n28" xy="475,92" size="181,26" fontSize="22" color="#ffffff" align="center" vAlign="middle" strokeColor="#000000" shadowColor="#000000" shadowOffset="3,3" text="Text with shadow"/>
  </displayList>
</component>
