<?xml version="1.0" encoding="utf-8"?>
<component size="1136,640" bgColor="#3f3f3f">
  <displayList>
    <graph id="n2" name="n2" xy="29,16" size="424,594" type="rect" lineSize="2"/>
    <list id="n0" name="tree" xy="31,18" size="419,589" overflow="scroll" scrollBarFlags="128" defaultItem="ui://5nx1f8vzpmk31" treeView="true" indent="15" clickToExpand="1">
      <item title="Folder 1" level="0"/>
      <item title="Leaf 1" icon="ui://5nx1f8vzua5o8" level="1"/>
      <item title="Leaf 2" icon="ui://5nx1f8vzua5o8" level="1"/>
      <item title="Leaf 3" icon="ui://5nx1f8vzua5o8" level="1"/>
      <item title="Leaf 4" icon="ui://5nx1f8vzua5o8" level="1"/>
      <item title="Folder 2" level="0"/>
      <item title="Leaf 1" icon="ui://5nx1f8vzua5o7" level="1"/>
    </list>
    <graph id="n3_shl3" name="n3" xy="624,16" size="424,594" type="rect" lineSize="2"/>
    <list id="n4_shl3" name="tree2" xy="626,18" size="419,589" overflow="scroll" scrollBarFlags="128" defaultItem="ui://5nx1f8vzpmk31" treeView="true" indent="15" clickToExpand="1"/>
  </displayList>
</component>